AmpliconID,MappingSequence,VariantID,RefAllele,A,B,C,D,E,F,All,Neg,sum1,WeightedAvg,logMean,logSD,mean,freq,effect_size,pct_change,ExperimentIDReplicates,BioRep
pPPIF,GGACGCAGGAAGTGGGGC,ETS1i,FALSE,3231.54656,3146.027783,3762.638226,3592.167517,3960.80234,4342.238428,27412,1,22035.42086,2.411260111,2.419520606,0.368955463,307.3156469,0.007596747,1.080657639,8.06576394,1-nan-1,1
pPPIF,GGACGCAGGAAGTGGGGC,ETS1i,FALSE,3846.65583,3551.30465,3993.984855,4368.383358,4503.364634,4552.966963,27419,,24816.66029,2.336748527,2.344050135,0.382112143,261.2492064,0.00771004,1.030202011,3.020201111,1-nan-2,1
pPPIF,GGACGCAGGAAGTGGGGC,ETS1i,FALSE,3197.413131,3524.494671,3948.896351,3705.70746,4330.685787,4215.387007,29574,,22922.58441,2.321269592,2.334486009,0.379901888,255.0637447,0.007554182,1.052826238,5.28262375,1-nan-3,1
pPPIF,GGACGCAGGAAGTGGGGC,ETS1i,FALSE,3417.124609,3234.679703,4117.421454,4212.252011,4217.047643,4476.286056,30008,,23674.81148,2.522480913,2.523198286,0.365575682,389.0640248,0.00816193,1.072778336,7.27783355,2-nan-1,2
pPPIF,GGACGCAGGAAGTGGGGC,ETS1i,FALSE,3352.489164,3786.5328,4346.479146,4339.655967,4982.311444,4613.633106,31797,,25421.10163,2.594442246,2.589169944,0.342836096,444.5680406,0.00822153,1.047797609,4.779760901,2-nan-2,2
pPPIF,GGACGAGTCAGATGGGGC,ETS1scrb1,FALSE,3361.388968,3448.399159,3979.956485,3658.390091,3800.713529,4172.19533,27711,1,22421.04356,2.394228478,2.406519287,0.365568534,297.3989723,0.007729691,1.045786229,4.578622851,1-nan-1,1
pPPIF,GGACGAGTCAGATGGGGC,ETS1scrb1,FALSE,3935.967076,3562.944324,3688.669851,4065.257518,4688.820336,4352.415659,29282,,24294.07476,2.330799773,2.340108635,0.38872142,260.4118883,0.007547683,1.026900157,2.690015713,1-nan-2,1
pPPIF,GGACGAGTCAGATGGGGC,ETS1scrb1,FALSE,3403.286837,3532.047251,3967.36768,3932.681877,4379.79515,3946.542974,30927,,23161.72177,2.308957267,2.325098638,0.377781544,249.14839,0.00763299,1.028409436,2.840943644,1-nan-3,1
pPPIF,GGACGAGTCAGATGGGGC,ETS1scrb1,FALSE,2766.837272,3101.270917,3486.835461,3488.300721,3668.381342,3358.995085,25589,,19870.6208,2.509802585,2.511831172,0.354463075,375.5374111,0.006850429,1.035480983,3.548098294,2-nan-1,2
pPPIF,GGACGAGTCAGATGGGGC,ETS1scrb1,FALSE,3080.758074,3303.406875,3426.056141,3383.592194,3761.702997,3592.161895,23172,,20547.67818,2.567940742,2.57127482,0.35295178,430.0929257,0.006645398,1.013681367,1.368136717,2-nan-2,2
pPPIF,GGACGGTACATGAGGGGC,ETS1scrb2,FALSE,4636.560019,4575.49338,4968.661465,4922.318475,5130.112833,5107.370358,38177,0,29340.51653,2.383198674,2.398881527,0.365987069,292.3174857,0.010115191,1.027917476,2.79174757,1-nan-1,1
pPPIF,GGACGGTACATGAGGGGC,ETS1scrb2,FALSE,5287.225779,4835.548672,5041.271478,5722.22058,6202.144896,5812.067253,36430,,32900.47866,2.329398737,2.338784343,0.385073703,258.7767302,0.010221521,1.020452125,2.045212518,1-nan-2,1
pPPIF,GGACGGTACATGAGGGGC,ETS1scrb2,FALSE,4855.937073,4955.388559,5112.863687,5374.854598,5348.097322,5052.373525,36524,,30699.51476,2.289368218,2.310348778,0.384399321,242.231265,0.010117085,0.99985763,-0.014236973,1-nan-3,1
pPPIF,GGACGGTACATGAGGGGC,ETS1scrb2,FALSE,4272.381507,4431.250176,4863.46094,4892.069806,4921.182332,4795.893592,35786,,28176.23835,2.496998187,2.503369467,0.363490578,371.0497707,0.009713804,1.023107072,2.310707247,2-nan-1,2
pPPIF,GGACGGTACATGAGGGGC,ETS1scrb2,FALSE,4368.063612,4775.205963,4881.976084,5165.794902,5730.023567,4938.368413,34021,,29859.43254,2.569661517,2.571892476,0.34588171,428.2620135,0.009656946,1.00936611,0.936611007,2-nan-2,2
pPPIF,GGACGCAGCTAGTGGGGC,ETS1swap,FALSE,899.8453406,972.49485,1293.801727,1108.278196,1211.117952,1027.204189,7918,0,6512.742254,2.393048487,2.403422103,0.339463202,289.0944377,0.002245278,1.016583815,1.658381451,1-nan-1,1
pPPIF,GGACGCAGCTAGTGGGGC,ETS1swap,FALSE,1075.280134,976.3947157,1079.451916,1164.09543,1326.362312,1185.816129,8696,,6807.400638,2.332886982,2.341234685,0.381234182,259.3608586,0.002114923,1.022755559,2.275555924,1-nan-2,1
pPPIF,GGACGCAGCTAGTGGGGC,ETS1swap,FALSE,982.8290026,939.8481776,997.8622048,1097.351284,1157.431682,1163.82509,8207,,6339.147441,2.311324812,2.328276769,0.392734044,254.3295273,0.002089078,1.049795609,4.979560918,1-nan-3,1
pPPIF,GGACGCAGCTAGTGGGGC,ETS1swap,FALSE,1018.300867,992.4695308,1195.678367,1018.849421,962.8175272,1044.16151,9210,,6232.277223,2.476526946,2.488456248,0.367132638,359.6246353,0.002148588,0.991604191,-0.839580875,2-nan-1,2
pPPIF,GGACGCAGCTAGTGGGGC,ETS1swap,FALSE,1093.075217,1199.67374,1156.785812,1297.168469,1255.017517,1330.261602,8544,,7331.982357,2.56934173,2.572427989,0.3552888,432.0589985,0.002371263,1.018315183,1.831518297,2-nan-2,2
pPPIF,GGACGTGAGTCATGGGGC,FOSJUNi,FALSE,2198.113358,2298.739909,2742.545787,2644.696186,2813.564109,2476.97354,21484,0,15174.63289,2.392258748,2.403857231,0.348854881,291.5460055,0.005231479,1.02520461,2.520461031,1-nan-1,1
pPPIF,GGACGTGAGTCATGGGGC,FOSJUNi,FALSE,2611.842629,2659.063439,2953.207874,3270.992901,3120.657535,3582.630393,20025,,18198.39477,2.349740617,2.353192697,0.379485002,266.1933063,0.005653877,1.049698421,4.969842126,1-nan-2,1
pPPIF,GGACGTGAGTCATGGGGC,FOSJUNi,FALSE,2705.59627,2653.003743,2740.187354,2965.728585,3060.419497,2803.117974,18750,,16928.05342,2.292876583,2.313392669,0.386696444,244.4329441,0.005578673,1.008945498,0.894549761,1-nan-3,1
pPPIF,GGACGTGAGTCATGGGGC,FOSJUNi,FALSE,2600.016223,2627.814735,3031.318949,3089.749609,3188.912699,3034.300282,22502,,17572.1125,2.506591566,2.510528678,0.361669685,376.6440909,0.006058014,1.038532466,3.853246574,2-nan-1,2
pPPIF,GGACGTGAGTCATGGGGC,FOSJUNi,FALSE,2640.766936,2726.992271,3046.082183,3439.333693,3429.640252,3207.63315,21322,,18490.44849,2.580835939,2.579964354,0.344344226,435.763476,0.005980062,1.027046226,2.704622595,2-nan-2,2
pPPIF,GGACGGAAGCTTTGGGGC,FOSJUNscrb1,FALSE,3097.646577,3090.598816,3746.412506,3519.702652,3651.531011,3822.062822,25912,0,20927.95438,2.398238931,2.409169546,0.36098482,298.074323,0.007214946,1.04816106,4.816105989,1-nan-1,1
pPPIF,GGACGGAAGCTTTGGGGC,FOSJUNscrb1,FALSE,3563.314196,3618.333117,3763.722201,4269.982717,4547.807714,4619.465553,27531,,24382.6255,2.347551479,2.351720966,0.380394257,265.5038737,0.007575194,1.046979734,4.697973404,1-nan-2,1
pPPIF,GGACGGAAGCTTTGGGGC,FOSJUNscrb1,FALSE,3618.280681,3501.068872,3669.089933,3690.910525,4092.593072,3912.154252,28092,,22484.09734,2.296121022,2.316270261,0.393458384,247.5568857,0.007409678,1.021840187,2.184018667,1-nan-3,1
pPPIF,GGACGGAAGCTTTGGGGC,FOSJUNscrb1,FALSE,3596.032316,3296.671286,4177.877102,3877.134365,3893.564753,3788.86913,27793,,22630.14895,2.492099792,2.500218008,0.364217747,368.5914792,0.007801781,1.016328749,1.632874907,2-nan-1,2
pPPIF,GGACGGAAGCTTTGGGGC,FOSJUNscrb1,FALSE,3318.727806,3839.383039,4274.874332,4252.161226,4553.416097,4385.848585,28731,,24624.41108,2.584262572,2.581725364,0.342772419,436.9903331,0.007963869,1.029937792,2.993779201,2-nan-2,2
pPPIF,GGACGCTGTGAATGGGGC,FOSJUNscrb2,FALSE,12468.46054,12206.52299,14527.20691,13555.67942,13724.6618,13372.75485,103723,2,79855.28652,2.380180233,2.396181042,0.358563821,288.7121421,0.02753024,1.015239494,1.523949431,1-nan-1,1
pPPIF,GGACGCTGTGAATGGGGC,FOSJUNscrb2,FALSE,14051.99969,13607.44776,13090.12549,15205.42027,15598.31607,15570.32068,102498,,87123.62996,2.323748054,2.334396345,0.387487488,256.7258626,0.027067569,1.012364798,1.236479759,1-nan-2,1
pPPIF,GGACGCTGTGAATGGGGC,FOSJUNscrb2,FALSE,13296.62491,13259.77031,13589.97198,13751.37319,14813.63471,13982.07544,105190,,82693.45054,2.290825933,2.31186012,0.390553495,244.4140323,0.027251787,1.008867435,0.886743543,1-nan-3,1
pPPIF,GGACGCTGTGAATGGGGC,FOSJUNscrb2,FALSE,11664.00188,11511.704,13679.48974,12607.7386,13025.06897,12891.26125,98798,,75379.26444,2.494705523,2.501928388,0.36490962,370.2609436,0.025987124,1.020932015,2.093201505,2-nan-1,2
pPPIF,GGACGCTGTGAATGGGGC,FOSJUNscrb2,FALSE,11831.51066,12340.39741,13304.57601,13864.5193,14886.49008,14174.46128,93722,,80401.95474,2.575212038,2.576438354,0.350565071,434.3964713,0.026003085,1.023824347,2.382434724,2-nan-2,2
pPPIF,GGACGACAGTCATGGGGC,FOSJUNswap,FALSE,2261.786077,2273.629083,2400.874669,2617.691489,2530.51982,2529.065518,18944,0,14613.56666,2.38691313,2.40126805,0.362467669,293.0619637,0.005038051,1.030535389,3.053538948,1-nan-1,1
pPPIF,GGACGACAGTCATGGGGC,FOSJUNswap,FALSE,2769.466753,2567.819098,2607.048054,2955.044723,3037.194936,2815.710144,18255,,16752.28371,2.315873492,2.328458541,0.383490937,252.3429582,0.005204599,0.995081389,-0.491861134,1-nan-2,1
pPPIF,GGACGACAGTCATGGGGC,FOSJUNswap,FALSE,2528.424175,2530.114305,2669.722657,2497.907624,2730.392885,2639.188685,19379,,15595.75033,2.286463726,2.308382334,0.391533303,242.6786097,0.00513961,1.001704134,0.170413421,1-nan-3,1
pPPIF,GGACGACAGTCATGGGGC,FOSJUNswap,FALSE,2199.897509,2111.09737,2414.027601,2488.886233,2518.148098,2499.50136,18649,,14231.55817,2.502082491,2.507903357,0.367883863,376.3332796,0.004906353,1.037675456,3.767545603,2-nan-1,2
pPPIF,GGACGACAGTCATGGGGC,FOSJUNswap,FALSE,2208.840253,2203.027525,2368.981705,2575.617778,2619.809101,2727.434907,18758,,14703.71127,2.577743975,2.5790391,0.356738001,439.2078571,0.00475538,1.03516425,3.516425044,2-nan-2,2
pPPIF,GGACGACCGGAAGGGGGC,GABPAi,FALSE,7456.262692,7731.820073,8785.163763,8631.189708,8724.905149,8862.953894,65981,1,50192.29528,2.392600878,2.404843603,0.359076369,294.6534446,0.017303875,1.03613174,3.613173957,1-nan-1,1
pPPIF,GGACGACCGGAAGGGGGC,GABPAi,FALSE,8853.130683,8852.038911,8910.679642,9312.331226,10598.39417,9607.613766,62315,,56134.1884,2.323225425,2.333570617,0.381316764,254.8424987,0.01743977,1.004937999,0.493799909,1-nan-2,1
pPPIF,GGACGACCGGAAGGGGGC,GABPAi,FALSE,8355.2536,8030.184694,8499.273884,8881.596126,9069.008519,9153.665747,66887,,51988.98257,2.296538957,2.316573192,0.393201264,247.6719416,0.01713307,1.022315103,2.231510294,1-nan-3,1
pPPIF,GGACGACCGGAAGGGGGC,GABPAi,FALSE,8098.689822,7753.902339,8724.925497,8605.356881,9010.18197,9123.885821,66815,,51316.94233,2.498336747,2.505436385,0.372226065,375.5886904,0.017691599,1.035622377,3.562237713,2-nan-1,2
pPPIF,GGACGACCGGAAGGGGGC,GABPAi,FALSE,7925.44458,8557.601497,8994.367715,9063.678689,9882.406528,10019.52925,63278,,54443.02826,2.577593591,2.578364388,0.354381402,437.6807815,0.017607615,1.031565103,3.156510255,2-nan-2,2
pPPIF,GGACGAGAGAGCCGGGGC,GABPAscrb1,FALSE,3830.35103,3896.806767,4569.934329,4424.020748,4642.575535,4403.384488,32994,0,25767.0729,2.392065695,2.404333827,0.355824236,293.521062,0.00888324,1.032149782,3.214978212,1-nan-1,1
pPPIF,GGACGAGAGAGCCGGGGC,GABPAscrb1,FALSE,4330.163737,4370.496873,4472.890328,5134.265945,4728.141164,4935.220764,32689,,27971.17881,2.324518797,2.334258615,0.378187483,254.5490621,0.008690086,1.00378087,0.37808703,1-nan-2,1
pPPIF,GGACGAGAGAGCCGGGGC,GABPAscrb1,FALSE,4283.514286,4378.064222,4229.660542,4451.499418,4861.388457,4380.91916,32831,,26585.04608,2.288055686,2.309646327,0.389658297,242.9758563,0.008761154,1.002931078,0.293107843,1-nan-3,1
pPPIF,GGACGAGAGAGCCGGGGC,GABPAscrb1,FALSE,3585.078782,3527.961519,4146.809616,3966.076181,3780.779035,3744.482727,31216,,22751.18786,2.486743467,2.495794612,0.362321683,364.2781425,0.007843509,1.004435452,0.443545156,2-nan-1,2
pPPIF,GGACGAGAGAGCCGGGGC,GABPAscrb1,FALSE,3678.21109,4102.433094,4102.219733,4266.859233,4521.595321,4231.809303,27751,,24903.12777,2.565792799,2.569248096,0.348909905,426.6946097,0.00805401,1.005671913,0.567191301,2-nan-2,2
pPPIF,GGACGAACGGAGCGGGGC,GABPAscrb2,FALSE,5065.258449,5049.590406,5964.282325,5426.858494,5607.39302,5573.345502,42804,0,32686.7282,2.381556284,2.397142292,0.359887156,289.6687694,0.011268803,1.018603419,1.860341865,1-nan-1,1
pPPIF,GGACGAACGGAGCGGGGC,GABPAscrb2,FALSE,5838.637504,5357.996105,5712.658149,6188.290966,6932.969928,6143.203089,39870,,36173.75574,2.324725367,2.335101613,0.381933012,255.8809918,0.011238462,1.00903316,0.903316045,1-nan-2,1
pPPIF,GGACGAACGGAGCGGGGC,GABPAscrb2,FALSE,5027.073782,5169.420996,5655.510266,5866.852693,6514.590851,6127.895371,41440,,34361.34396,2.31577449,2.330736497,0.382106537,253.3606704,0.011323848,1.04579646,4.579646023,1-nan-3,1
pPPIF,GGACGAACGGAGCGGGGC,GABPAscrb2,FALSE,4788.960198,4798.728545,5948.443896,5715.760099,5675.113466,5687.182736,40977,,32614.18894,2.50622396,2.510090336,0.359854828,375.6973093,0.011243795,1.035921875,3.592187527,2-nan-1,2
pPPIF,GGACGAACGGAGCGGGGC,GABPAscrb2,FALSE,4443.787467,5391.124787,5494.96683,6152.641293,6194.393751,6223.357842,37769,,33900.27197,2.589957913,2.585777428,0.343832302,441.4563361,0.010963809,1.040463666,4.046366638,2-nan-2,2
pPPIF,GGACGACCGCTAGGGGGC,GABPAswap,FALSE,6107.118924,6178.073244,7102.875724,7010.229375,6556.759922,6928.357065,52842,1,39883.41425,2.384254848,2.398972848,0.35954268,290.8093178,0.013749872,1.022614091,2.261409068,1-nan-1,1
pPPIF,GGACGACCGCTAGGGGGC,GABPAswap,FALSE,6804.289788,6641.571181,7194.303868,8040.90274,8091.65377,8175.556826,52241,,44948.27817,2.336887227,2.343716085,0.378736066,260.2774771,0.013964531,1.026370124,2.637012424,1-nan-2,1
pPPIF,GGACGACCGCTAGGGGGC,GABPAswap,FALSE,6522.776435,6901.906046,7026.630128,7120.892952,7639.575276,7143.528385,51417,,42355.30922,2.295596318,2.315088633,0.384655045,244.9448909,0.013958275,1.01105866,1.105865965,1-nan-3,1
pPPIF,GGACGACCGCTAGGGGGC,GABPAswap,FALSE,5954.441297,5956.025598,6952.679379,6766.596182,7320.98303,6689.501476,50823,,39640.22696,2.50255392,2.507515259,0.361578479,374.011329,0.013666033,1.031273069,3.127306929,2-nan-1,2
pPPIF,GGACGACCGCTAGGGGGC,GABPAswap,FALSE,6114.086223,6104.069176,6855.458301,7157.374882,7702.302703,7297.788954,48396,,41231.08024,2.577379718,2.578207517,0.350898415,436.2870943,0.013334692,1.028280336,2.828033612,2-nan-2,2
pPPIF,GGACGAGATAAGAGGGGC,GATA3i,FALSE,2773.6648,2798.294915,3060.011322,2786.369069,2854.462711,2891.35282,24624,0,17164.15564,2.370055807,2.389160972,0.365081004,285.6294884,0.00591737,1.004399521,0.439952125,1-nan-1,1
pPPIF,GGACGAGATAAGAGGGGC,GATA3i,FALSE,3030.719192,3186.327288,2865.391518,3170.431192,3469.121418,3290.247703,21571,,19012.23831,2.31781361,2.329474442,0.385339846,253.3482103,0.005906722,0.999045469,-0.095453133,1-nan-2,1
pPPIF,GGACGAGATAAGAGGGGC,GATA3i,FALSE,2939.635109,2765.140355,2879.885326,2914.467773,3065.681215,2953.350059,22909,,17518.15984,2.284524542,2.307293207,0.395616479,242.9681831,0.005773144,1.002899406,0.289940598,1-nan-3,1
pPPIF,GGACGAGATAAGAGGGGC,GATA3i,FALSE,3074.921127,2825.752771,3306.867954,2803.759157,3037.583238,2808.171273,22555,,17857.05552,2.468811981,2.483063875,0.369851045,356.007193,0.006156249,0.981629705,-1.837029467,2-nan-1,2
pPPIF,GGACGAGATAAGAGGGGC,GATA3i,FALSE,2935.871275,3327.963552,3302.788788,3266.562778,3233.386754,3086.764989,22544,,19153.33814,2.548619402,2.556710717,0.3468772,413.8782588,0.00619445,0.975465194,-2.453480593,2-nan-2,2
pPPIF,GGACGGAGAAAATGGGGC,GATA3scrb2,FALSE,706.0180924,679.3809215,767.529787,641.3276297,668.1403279,597.0732875,5575,0,4059.470046,2.344088724,2.370627074,0.360729049,272.7029258,0.001399509,0.958944014,-4.105598592,1-nan-1,1
pPPIF,GGACGGAGAAAATGGGGC,GATA3scrb2,FALSE,922.564721,714.8365259,774.7751132,799.3071096,601.5634612,704.4930003,6060,,4517.539931,2.257968083,2.285279366,0.398897609,231.6535807,0.001403509,0.91349554,-8.65044603,1-nan-2,1
pPPIF,GGACGGAGAAAATGGGGC,GATA3scrb2,FALSE,855.951787,730.2960846,707.930762,634.9470589,698.346834,612.7312512,5613,,4240.203778,2.231319397,2.265221301,0.410610417,223.6257235,0.001397367,0.923059564,-7.694043589,1-nan-3,1
pPPIF,GGACGGAGAAAATGGGGC,GATA3scrb2,FALSE,845.1846836,841.2970746,808.0345141,688.5905082,654.3382416,594.4471254,6853,,4431.892148,2.422425027,2.447949017,0.368560935,327.9952831,0.001527902,0.904391595,-9.560840517,2-nan-1,2
pPPIF,GGACGGAGAAAATGGGGC,GATA3scrb2,FALSE,1069.838655,948.9020234,913.1956031,685.6759036,650.5750153,612.4556306,5407,,4880.642831,2.45491788,2.490668731,0.363337236,360.3094928,0.001578466,0.849209549,-15.07904514,2-nan-2,2
pPPIF,GGACGACTTAAGAGGGGC,GATA3swap,FALSE,5239.266003,5856.608383,6232.272711,5954.060745,6207.498849,6565.945734,46022,0,36055.65243,2.393848326,2.405579441,0.361770822,295.8138503,0.012430245,1.040212239,4.021223896,1-nan-1,1
pPPIF,GGACGACTTAAGAGGGGC,GATA3swap,FALSE,6234.197695,5961.921255,5882.802338,6644.996722,7275.106322,7122.436296,44903,,39121.46063,2.330511463,2.339640206,0.388413124,260.0594162,0.012154255,1.02551023,2.551022968,1-nan-2,1
pPPIF,GGACGACTTAAGAGGGGC,GATA3swap,FALSE,5873.503072,5864.386368,6063.384561,6271.126102,6815.23954,6311.204744,43761,,37198.84439,2.296258821,2.316027243,0.388224385,246.2557214,0.012258951,1.016469373,1.646937265,1-nan-3,1
pPPIF,GGACGACTTAAGAGGGGC,GATA3swap,FALSE,5552.434043,5879.049695,6556.918796,6251.300502,6358.553527,5851.24709,45942,,36449.50365,2.488751622,2.496708789,0.35845814,363.877253,0.012566026,1.003330066,0.333006644,2-nan-1,2
pPPIF,GGACGACTTAAGAGGGGC,GATA3swap,FALSE,5600.558202,6585.727039,6437.875085,6783.546321,7165.003562,6620.699466,43642,,39193.40967,2.56828652,2.570550564,0.345708503,426.8819076,0.012675681,1.006113353,0.61133534,2-nan-2,2
pPPIF,GGACGCCACGTGCGGGGC,MYCi,FALSE,12912.76503,11710.67097,11665.22918,10192.30546,9679.595361,9434.725364,91796,3,65595.29137,2.315087133,2.350042878,0.375457647,263.3462269,0.022614083,0.926041725,-7.395827466,1-nan-1,1
pPPIF,GGACGCCACGTGCGGGGC,MYCi,FALSE,13586.08132,12131.21601,11729.61018,11239.86003,11963.32404,10944.52193,86970,,71594.61352,2.273319948,2.296595646,0.394159475,236.7426429,0.022243014,0.93356359,-6.643641041,1-nan-2,1
pPPIF,GGACGCCACGTGCGGGGC,MYCi,FALSE,13159.82284,11400.68354,11321.9665,10583.64002,11443.797,9820.60295,92951,,67730.51285,2.241483746,2.273502384,0.404099879,226.5430483,0.022320722,0.935101402,-6.489859849,1-nan-3,1
pPPIF,GGACGCCACGTGCGGGGC,MYCi,FALSE,13366.33201,11773.20455,11933.97285,10543.04679,10004.42946,9517.51309,90132,,67138.49875,2.42636793,2.451521877,0.378380412,333.5091438,0.023146106,0.919595134,-8.040486552,2-nan-1,2
pPPIF,GGACGCCACGTGCGGGGC,MYCi,FALSE,14236.76821,12914.94357,12536.73149,12134.8689,11206.08993,10738.04705,91463,,73767.44915,2.503079209,2.525620612,0.361798697,390.0046281,0.023857396,0.919197692,-8.080230804,2-nan-2,2
pPPIF,GGACGGGCTCACCGGGGC,MYCscrb2,FALSE,14903.62993,14254.38608,15072.89652,13406.81433,13233.35924,12314.17145,108661,0,83185.25754,2.338427105,2.366722553,0.365466881,271.3348476,0.028678252,0.954133247,-4.586675344,1-nan-1,1
pPPIF,GGACGGGCTCACCGGGGC,MYCscrb2,FALSE,15981.94072,14793.49039,15093.05318,15291.71893,15931.56385,14281.21309,108943,,91372.98017,2.29375042,2.31183849,0.384014586,242.9808747,0.028387757,0.958163239,-4.183676094,1-nan-2,1
pPPIF,GGACGGGCTCACCGGGGC,MYCscrb2,FALSE,15348.92422,15332.12146,14804.97491,14413.1397,14217.01442,13427.04729,113490,,87543.222,2.258163587,2.286211944,0.393244364,230.9577334,0.028850039,0.95332389,-4.667610962,1-nan-3,1
pPPIF,GGACGGGCTCACCGGGGC,MYCscrb2,FALSE,15164.47407,14445.60972,14806.03595,13611.06707,12373.70559,12157.80456,114434,,82558.69695,2.442902259,2.463546994,0.371026671,340.7041234,0.028462245,0.939434076,-6.056592449,2-nan-1,2
pPPIF,GGACGGGCTCACCGGGGC,MYCscrb2,FALSE,15812.89055,15381.42153,15683.32809,14787.58188,14603.6049,13202.67556,105126,,89471.50252,2.521187535,2.538134913,0.353199936,398.5749595,0.0289363,0.939397013,-6.060298663,2-nan-2,2
pPPIF,GGACGCCACCAGCGGGGC,MYCswap,FALSE,20060.18382,20404.45555,22378.72675,21371.84294,21086.53991,21136.19593,169804,0,126437.9449,2.373506962,2.39142862,0.361622402,286.2951562,0.043589687,1.006740304,0.674030351,1-nan-1,1
pPPIF,GGACGCCACCAGCGGGGC,MYCswap,FALSE,23026.75729,21770.60528,23101.19002,24601.3128,25507.91782,23324.71977,158361,,141332.503,2.314556131,2.327199556,0.379238286,250.674637,0.043909182,0.988502583,-1.149741735,1-nan-2,1
pPPIF,GGACGCCACCAGCGGGGC,MYCswap,FALSE,21719.34071,21431.27786,22186.11772,22206.76474,23416.3966,22702.385,161188,,133662.2826,2.288522859,2.310119219,0.392016961,243.7574328,0.044048665,1.006157191,0.615719074,1-nan-3,1
pPPIF,GGACGCCACCAGCGGGGC,MYCswap,FALSE,21943.57791,21323.89606,23949.25296,22186.73169,21747.59563,21558.56487,176362,,132709.6191,2.475814046,2.487999663,0.367603416,359.3898431,0.045751856,0.990956792,-0.904320849,2-nan-1,2
pPPIF,GGACGCCACCAGCGGGGC,MYCswap,FALSE,22462.92124,22524.21145,24376.28638,24675.04228,24800.41288,22800.23399,173456,,141639.1082,2.552379837,2.560065378,0.348763733,417.7182489,0.045808013,0.984515625,-1.548437472,2-nan-2,2
pPPIF,GGACGCCAATCAGGGGGC,NFYi,FALSE,9869.739659,10007.06921,11851.42598,11468.98983,11382.40539,11549.4116,86995,1,66129.04167,2.391240776,2.403814077,0.35737654,293.543909,0.022798094,1.032230122,3.223012219,1-nan-1,1
pPPIF,GGACGCCAATCAGGGGGC,NFYi,FALSE,11732.63435,10987.04944,11619.20154,12614.73165,13159.67151,13197.63289,85118,,73310.92138,2.327151288,2.336973319,0.385680749,257.8387214,0.022776237,1.01675321,1.675321042,1-nan-2,1
pPPIF,GGACGCCAATCAGGGGGC,NFYi,FALSE,11097.73278,11288.80295,11231.11493,11155.43587,12012.3548,12023.52116,86436,,68808.96249,2.290425791,2.311667204,0.395199711,245.3344912,0.022676127,1.012666812,1.266681221,1-nan-3,1
pPPIF,GGACGCCAATCAGGGGGC,NFYi,FALSE,11012.32962,10995.47,12544.26702,11869.616,12304.50793,12411.91353,91667,,71138.1041,2.496233466,2.503278361,0.367750793,372.3048419,0.024524977,1.02656772,2.656771954,2-nan-1,2
pPPIF,GGACGCCAATCAGGGGGC,NFYi,FALSE,11440.17962,11651.87624,12265.43624,13119.08074,13673.95102,13704.08624,90851,,75854.6101,2.573546392,2.575771891,0.355337981,435.4160479,0.024532412,1.026227376,2.622737632,2-nan-2,2
pPPIF,GGACGAGCACCATGGGGC,NFYscrb1,FALSE,7464.533903,7609.853204,8487.913881,7960.00764,8116.749437,7801.765891,58035,3,47440.82395,2.374357431,2.391909781,0.359248255,286.0483421,0.016355301,1.005872396,0.587239607,1-nan-1,1
pPPIF,GGACGAGCACCATGGGGC,NFYscrb1,FALSE,8689.23432,8075.124124,7917.640041,9442.571606,9754.126295,9243.153239,62345,,53121.84962,2.322721029,2.333755183,0.38621062,256.0557335,0.016503896,1.009722231,0.972223144,1-nan-2,1
pPPIF,GGACGAGCACCATGGGGC,NFYscrb1,FALSE,7816.897211,7944.418108,8268.99799,8362.778585,8636.524575,8531.317311,62056,,49560.93378,2.293771167,2.313969335,0.388920687,245.2443355,0.016332902,1.012294677,1.229467669,1-nan-3,1
pPPIF,GGACGAGCACCATGGGGC,NFYscrb1,FALSE,7090.96478,7060.273324,8048.158107,7854.952485,7814.291204,7893.275983,59993,,45761.91588,2.495044513,2.502277209,0.366182019,370.9555253,0.015776495,1.022847207,2.284720672,2-nan-1,2
pPPIF,GGACGAGCACCATGGGGC,NFYscrb1,FALSE,7152.760548,7406.10689,7812.419837,8271.650224,8633.174607,8448.954977,58020,,47725.06708,2.571760671,2.574176314,0.352763014,432.9095694,0.015434935,1.020319884,2.031988429,2-nan-2,2
pPPIF,GGACGCCTTTCAGGGGGC,NFYswap,FALSE,6617.593101,7089.584659,8123.101161,7690.232073,7462.112139,7173.809503,58838,1,44156.43264,2.378828879,2.394351929,0.35163293,285.8740853,0.015223002,1.005259632,0.525963207,1-nan-1,1
pPPIF,GGACGCCTTTCAGGGGGC,NFYswap,FALSE,7737.217341,7814.101092,7440.010968,8548.609707,8941.34521,8756.854026,57164,,49238.13834,2.326321396,2.335998909,0.384292204,256.9444007,0.015297305,1.013226574,1.322657406,1-nan-2,1
pPPIF,GGACGCCTTTCAGGGGGC,NFYswap,FALSE,7238.304919,7231.019321,7691.597949,7471.52747,8501.912304,8056.286662,58760,,46190.64862,2.299523285,2.318634538,0.390137761,248.1637105,0.015222218,1.024344976,2.434497645,1-nan-3,1
pPPIF,GGACGCCTTTCAGGGGGC,NFYswap,FALSE,6952.849541,6918.405647,7623.849023,7571.661329,7792.173822,7994.894137,60711,,44853.8335,2.499189047,2.505796796,0.370617889,375.383869,0.015463432,1.035057617,3.505761663,2-nan-1,2
pPPIF,GGACGCCTTTCAGGGGGC,NFYswap,FALSE,6996.802211,7491.387957,8127.347179,8176.251837,8318.773154,8576.371943,57757,,47686.93428,2.572381228,2.574312278,0.35130616,432.5340354,0.015422603,1.019434792,1.943479232,2-nan-2,2
pPPIF,GGACGGCGCATGCGGGGC,NRF1i,FALSE,2716.234504,2733.724219,3097.250681,3190.353909,4000.53241,3692.080935,24433,0,19430.17666,2.422987603,2.427349699,0.362071858,311.0983548,0.006698585,1.093959312,9.395931214,1-nan-1,1
pPPIF,GGACGGCGCATGCGGGGC,NRF1i,FALSE,3002.221405,2940.690032,3095.271251,4243.905827,4450.635555,4237.965705,23189,,21970.68977,2.371350281,2.369224278,0.372705617,274.5863958,0.006825854,1.08279547,8.27954699,1-nan-2,1
pPPIF,GGACGGCGCATGCGGGGC,NRF1i,FALSE,2871.368193,2945.250187,3263.678482,3453.763215,4000.07454,4099.543643,25816,,20633.67826,2.337975429,2.348568665,0.387199175,265.1735882,0.006799869,1.094556623,9.455662317,1-nan-3,1
pPPIF,GGACGGCGCATGCGGGGC,NRF1i,FALSE,2781.190177,2716.270561,3328.839104,3435.529476,3702.915501,3749.569994,25496,,19714.31481,2.528212682,2.527431314,0.365456009,392.8351688,0.006796542,1.083176628,8.317662838,2-nan-1,2
pPPIF,GGACGGCGCATGCGGGGC,NRF1i,FALSE,2774.308826,2828.555483,3111.26264,3500.066969,4292.150774,4631.144041,22812,,21137.48873,2.624820529,2.614583023,0.362458679,478.9290384,0.006836151,1.128782673,12.87826732,2-nan-2,2
pPPIF,GGACGCGCTCGGCGGGGC,NRF1scrb1,FALSE,3659.152567,3695.341568,4093.669528,3618.2223,3711.126116,3426.163792,29602,0,22203.67587,2.357813643,2.380132529,0.358910256,278.3176926,0.007654753,0.978688016,-2.131198422,1-nan-1,1
pPPIF,GGACGCGCTCGGCGGGGC,NRF1scrb1,FALSE,4009.461369,4156.433904,3967.946284,4216.532296,4198.741213,3976.645849,27496,,24525.76091,2.303284766,2.31836147,0.379456731,245.6717251,0.007619663,0.968774255,-3.122574481,1-nan-2,1
pPPIF,GGACGCGCTCGGCGGGGC,NRF1scrb1,FALSE,3894.567219,3792.035217,3958.610902,4086.860657,3977.8584,3898.311335,28693,,23608.24373,2.282345894,2.305213812,0.389966858,240.5752174,0.007780143,0.993021965,-0.697803513,1-nan-3,1
pPPIF,GGACGCGCTCGGCGGGGC,NRF1scrb1,FALSE,3625.87125,3474.912191,4080.336392,3705.998974,3612.247166,3527.129253,30055,,22026.49523,2.476050084,2.488058122,0.364829375,358.5984093,0.00759367,0.988774547,-1.122545342,2-nan-1,2
pPPIF,GGACGCGCTCGGCGGGGC,NRF1scrb1,FALSE,3776.488079,3720.20308,4489.554934,4057.3433,4092.395469,3949.783593,27722,,24085.76845,2.55402388,2.561105554,0.347097111,418.1612222,0.007789665,0.985559664,-1.444033592,2-nan-2,2
pPPIF,GGACGGGCGCTCCGGGGC,NRF1scrb2,FALSE,10846.67893,11105.8125,12158.78369,11227.84739,10662.71984,10243.76339,90600,1,66245.60573,2.357433605,2.379721247,0.357519691,277.7355112,0.02283828,0.976640808,-2.335919152,1-nan-1,1
pPPIF,GGACGGGCGCTCCGGGGC,NRF1scrb2,FALSE,12346.76847,12198.91343,11862.48348,12431.32899,12617.01396,11377.59211,84215,,72834.10044,2.296117462,2.313270666,0.380459886,243.0219655,0.022628098,0.958325275,-4.167472482,1-nan-2,1
pPPIF,GGACGGGCGCTCCGGGGC,NRF1scrb2,FALSE,11643.59987,10991.43611,11397.63054,11934.65305,11630.58797,10549.03185,84158,,68146.93939,2.272173973,2.297391061,0.388685585,236.009401,0.022457956,0.974175651,-2.582434858,1-nan-3,1
pPPIF,GGACGGGCGCTCCGGGGC,NRF1scrb2,FALSE,11872.62262,11525.96327,12750.68387,11602.79055,10869.59422,10582.53239,89935,,69204.18693,2.461071234,2.476864274,0.365662905,349.7187791,0.023858256,0.964290466,-3.570953386,2-nan-1,2
pPPIF,GGACGGGCGCTCCGGGGC,NRF1scrb2,FALSE,11668.30799,12212.94292,13006.37877,12326.49764,12638.78614,11231.20053,89863,,73084.11398,2.542792268,2.552871528,0.345984082,409.9435153,0.023636396,0.96619144,-3.38085603,2-nan-2,2
pPPIF,GGACGGCATATGCGGGGC,NRF1swap,FALSE,2238.064868,2072.048166,2263.621032,2040.550903,1960.536135,1943.898968,17090,0,12518.72007,2.344667747,2.371400298,0.368578538,274.9953607,0.004315849,0.967005228,-3.299477168,1-nan-1,1
pPPIF,GGACGGCATATGCGGGGC,NRF1swap,FALSE,2385.223864,2332.349833,2234.339103,2441.286765,2256.653916,2212.397539,16142,,13862.25102,2.293007561,2.310988675,0.383008207,242.290462,0.004306724,0.955440687,-4.4559313,1-nan-2,1
pPPIF,GGACGGCATATGCGGGGC,NRF1swap,FALSE,2380.62429,2130.339604,2150.473094,2126.795205,2187.120558,1984.345821,16818,,12959.69857,2.257545442,2.286202007,0.39968129,232.3135673,0.004270894,0.958920364,-4.107963576,1-nan-3,1
pPPIF,GGACGGCATATGCGGGGC,NRF1swap,FALSE,2352.365653,2097.92567,2347.27449,2131.769321,2019.148901,1843.371124,17723,,12791.85516,2.447536641,2.467235231,0.368614645,342.904835,0.004410013,0.945502166,-5.449783403,2-nan-1,2
pPPIF,GGACGGCATATGCGGGGC,NRF1swap,FALSE,2333.360889,2334.886202,2346.897978,2370.95496,2164.878573,2095.048131,16435,,13646.02673,2.528916238,2.543496637,0.352175978,403.1907845,0.004413311,0.950276001,-4.972399865,2-nan-2,2
pPPIF,GGACGACCATGGAGGGGC,RESTi,FALSE,9460.548802,8596.002789,10523.97583,9992.280721,10499.77462,10555.32303,75152,2,59627.90579,2.388588641,2.403072394,0.365664101,295.0716675,0.020556817,1.037602396,3.760239618,1-nan-1,1
pPPIF,GGACGACCATGGAGGGGC,RESTi,FALSE,10459.23323,10044.77101,9821.13613,11683.16717,11507.7448,11818.20182,75148,,65334.25416,2.326439966,2.336422514,0.386746625,257.7561223,0.020298046,1.016427492,1.642749179,1-nan-2,1
pPPIF,GGACGACCATGGAGGGGC,RESTi,FALSE,9956.508439,9988.991125,10378.97099,10211.99914,10738.5807,10737.87839,78621,,62012.92878,2.290829429,2.311856911,0.392322719,244.8022862,0.020436481,1.01047003,1.047003032,1-nan-3,1
pPPIF,GGACGACCATGGAGGGGC,RESTi,FALSE,9625.007999,9267.681204,11027.41803,10540.48246,11067.61593,10906.84565,82680,,62435.05127,2.500733258,2.506744061,0.366817966,374.9918005,0.021524585,1.033976554,3.39765539,2-nan-1,2
pPPIF,GGACGACCATGGAGGGGC,RESTi,FALSE,9374.175882,11217.99713,10761.33362,11579.67247,12525.51026,11723.78456,79454,,67182.47393,2.575708743,2.575933438,0.347110931,432.6895808,0.021727725,1.019801396,1.98013956,2-nan-2,2
pPPIF,GGACGAGCGCTAAGGGGC,RESTscrb1,FALSE,7418.49603,6960.32755,8112.328346,8029.351359,8572.346873,8232.764993,59787,0,47325.61515,2.389607197,2.403580632,0.363722117,294.93582,0.016315583,1.037124696,3.712469631,1-nan-1,1
pPPIF,GGACGAGCGCTAAGGGGC,RESTscrb1,FALSE,8102.507156,7492.070113,7889.303949,9243.753327,9467.882725,9218.423605,60302,,51413.94087,2.333135888,2.341423145,0.382921036,259.8587859,0.015973283,1.02471907,2.471907041,1-nan-2,1
pPPIF,GGACGAGCGCTAAGGGGC,RESTscrb1,FALSE,7343.991225,7653.579772,7922.557965,8122.460504,8567.537613,8808.758524,58752,,48418.8856,2.30629376,2.323763265,0.389850458,251.0469531,0.015956538,1.036246133,3.624613279,1-nan-3,1
pPPIF,GGACGAGCGCTAAGGGGC,RESTscrb1,FALSE,6852.253301,7091.087853,8769.427571,8130.145752,8256.380176,8646.827377,62916,,47746.12203,2.511020209,2.513701638,0.361517084,379.3577312,0.016460553,1.046014871,4.601487054,2-nan-1,2
pPPIF,GGACGAGCGCTAAGGGGC,RESTscrb1,FALSE,6966.731366,7881.892503,8570.761665,8547.723171,9409.053446,9284.354707,59230,,50660.51686,2.585272109,2.583090318,0.348051438,440.2103202,0.0163843,1.037526945,3.752694487,2-nan-2,2
pPPIF,GGACGATACAGCGGGGGC,RESTscrb2,FALSE,1036.710475,1084.7414,1236.346716,1475.894901,1386.137999,1260.253775,10513,0,7480.085265,2.407489101,2.414449455,0.34583657,298.0237818,0.002578772,1.047983335,4.798333474,1-nan-1,1
pPPIF,GGACGATACAGCGGGGGC,RESTscrb2,FALSE,1358.894474,1270.062351,1384.51164,1480.187679,1582.023017,1523.285165,9494,,8598.964325,2.329220095,2.338365392,0.382262854,257.886042,0.002671526,1.016939813,1.693981336,1-nan-2,1
pPPIF,GGACGATACAGCGGGGGC,RESTscrb2,FALSE,1199.298163,1195.22779,1315.569052,1436.491754,1349.338211,1365.203113,10353,,7861.128084,2.303139953,2.320974388,0.382615772,247.8402294,0.00259065,1.023009744,2.300974394,1-nan-3,1
pPPIF,GGACGATACAGCGGGGGC,RESTscrb2,FALSE,1151.505901,1176.027453,1211.352053,1356.261469,1249.050089,1371.527129,10078,,7515.724095,2.501792939,2.507805276,0.371444407,377.3903137,0.002591058,1.040590049,4.059004902,2-nan-1,2
pPPIF,GGACGATACAGCGGGGGC,RESTscrb2,FALSE,1128.750174,1257.595466,1290.894268,1455.518698,1514.760315,1280.006642,9477,,7927.525564,2.571871171,2.572956862,0.340351774,427.4413444,0.00256387,1.007431884,0.743188396,2-nan-2,2
pPPIF,GGACGACCATCCAGGGGC,RESTswap,FALSE,20815.04888,20189.33561,23855.40033,22861.44374,23084.20938,22787.51162,171969,1,133592.9496,2.383716858,2.398881236,0.360155348,290.8956141,0.046056386,1.022917547,2.291754691,1-nan-1,1
pPPIF,GGACGACCATCCAGGGGC,RESTswap,FALSE,22956.67182,22564.37752,22163.80148,24929.07482,26533.57373,27073.52124,170368,,146221.0206,2.331969265,2.340591623,0.387993595,260.5320383,0.045427946,1.027373953,2.737395291,1-nan-2,1
pPPIF,GGACGACCATCCAGGGGC,RESTswap,FALSE,22401.60751,22241.7081,22908.96236,23430.9469,24290.28018,24396.90384,178686,,139670.4089,2.293489413,2.31404964,0.392991366,246.1901919,0.046028655,1.016198887,1.619888687,1-nan-3,1
pPPIF,GGACGACCATCCAGGGGC,RESTswap,FALSE,20082.35861,20187.98792,23039.33948,23345.94452,22456.90397,22792.99016,181052,,131905.5247,2.498404459,2.504596152,0.363954042,372.2437583,0.045474644,1.026399292,2.639929168,2-nan-1,2
pPPIF,GGACGACCATCCAGGGGC,RESTswap,FALSE,20597.70873,21057.75077,22264.14513,24178.91521,25761.58304,23803.48244,167701,,137663.5853,2.57282086,2.57483151,0.350639039,432.8180636,0.044522275,1.020104215,2.010421516,2-nan-2,2
pPPIF,GGACGGAGGAAGTGGGGC,SPI1i,FALSE,4249.685825,4703.014718,5415.134779,5136.456224,5261.897215,5663.638263,38173,1,30429.82702,2.40393324,2.412472423,0.357746436,299.5461066,0.010490732,1.053336502,5.333650173,1-nan-1,1
pPPIF,GGACGGAGGAAGTGGGGC,SPI1i,FALSE,4958.342228,5263.54082,4800.925261,5915.996366,6367.26224,6080.625051,37567,,33386.69197,2.34028236,2.34617264,0.380976774,262.2673884,0.010372577,1.034217079,3.421707865,1-nan-2,1
pPPIF,GGACGGAGGAAGTGGGGC,SPI1i,FALSE,4681.179132,5003.008216,5057.860176,5191.081947,5676.662345,5743.790834,38862,,31353.58265,2.309548276,2.326242799,0.389486961,252.4020309,0.010332634,1.041839485,4.183948533,1-nan-3,1
pPPIF,GGACGGAGGAAGTGGGGC,SPI1i,FALSE,4642.535383,4429.195874,5371.736201,5197.630157,5198.619677,5422.644862,38514,,30262.36215,2.503167491,2.508711647,0.367739655,376.9883016,0.010432998,1.039481569,3.948156855,2-nan-1,2
pPPIF,GGACGGAGGAAGTGGGGC,SPI1i,FALSE,4460.736489,4988.742283,5379.19456,5351.045257,5971.039305,5923.251736,35967,,32074.00963,2.58490552,2.583099557,0.350182799,440.9745776,0.010373171,1.039328215,3.932821491,2-nan-2,2
pPPIF,GGACGGTAGGAGAGGGGC,SPI1scrb1,FALSE,6395.987069,6238.478089,7692.188579,7043.88347,6951.853396,7405.370747,51543,0,41727.76135,2.387463647,2.401488578,0.36100982,292.8549864,0.014385713,1.029807566,2.980756571,1-nan-1,1
pPPIF,GGACGGTAGGAGAGGGGC,SPI1scrb1,FALSE,7190.03256,7252.587167,7342.111048,7827.245126,8198.317163,8051.757863,51758,,45862.05093,2.323472723,2.333683963,0.38162172,254.9773081,0.014248422,1.005469602,0.546960202,1-nan-2,1
pPPIF,GGACGGTAGGAGAGGGGC,SPI1scrb1,FALSE,7201.153768,6979.480003,7072.329563,7256.839794,7528.786891,7381.772284,53268,,43420.3623,2.285550261,2.307993567,0.395214853,243.2713453,0.014309265,1.004150768,0.415076815,1-nan-3,1
pPPIF,GGACGGTAGGAGAGGGGC,SPI1scrb1,FALSE,6746.369148,6713.096292,7875.887499,7199.698287,7492.619094,6994.610303,56286,,43022.28062,2.48748009,2.496257822,0.361969217,364.5597176,0.014832001,1.005211847,0.521184724,2-nan-1,2
pPPIF,GGACGGTAGGAGAGGGGC,SPI1scrb1,FALSE,6647.843723,6863.591176,7386.404653,7975.610172,8292.281216,7939.00238,51472,,45104.73332,2.575537601,2.576681698,0.350091215,434.4738349,0.014587484,1.024006685,2.400668473,2-nan-2,2
pPPIF,GGACGGTGAGAGAGGGGC,SPI1scrb2,FALSE,4225.184313,4043.768745,4616.084534,4448.447108,4343.431479,4283.448911,32872,0,25960.36509,2.371585851,2.390394285,0.362302191,285.775981,0.008949878,1.004914654,0.491465416,1-nan-1,1
pPPIF,GGACGGTGAGAGAGGGGC,SPI1scrb2,FALSE,4712.224977,4513.651483,4355.589121,5175.758456,5266.128421,5258.364706,35237,,29281.71716,2.325973394,2.336131418,0.387443994,257.7435717,0.009097244,1.016378,1.637800033,1-nan-2,1
pPPIF,GGACGGTGAGAGAGGGGC,SPI1scrb2,FALSE,4364.120212,4387.53695,4490.995632,4581.501063,4704.706203,4718.686351,34831,,27247.54641,2.291696453,2.312535848,0.391947947,245.1023326,0.008979482,1.011708532,1.170853157,1-nan-3,1
pPPIF,GGACGGTGAGAGAGGGGC,SPI1scrb2,FALSE,3897.695134,3820.759969,4708.263456,4290.126712,4510.652666,4160.239606,33662,,25387.73754,2.49401629,2.501023044,0.359679294,367.88124,0.008752464,1.014370384,1.437038433,2-nan-1,2
pPPIF,GGACGGTGAGAGAGGGGC,SPI1scrb2,FALSE,4017.601582,4115.779114,4717.351931,4910.659682,4984.595232,4659.759471,31594,,27405.74701,2.572660217,2.574157866,0.344907971,430.1685152,0.008863391,1.013859523,1.385952321,2-nan-2,2
pPPIF,GGACGGAGCTAGTGGGGC,SPI1swap,FALSE,2157.537606,2073.552501,2360.443365,2241.796962,2185.803035,2302.961529,17809,0,13322.095,2.375403171,2.393309737,0.366328396,288.6742088,0.004592814,1.015106104,1.510610402,1-nan-1,1
pPPIF,GGACGGAGCTAGTGGGGC,SPI1swap,FALSE,2538.348337,2533.301445,2327.261061,2451.803964,2774.754778,2564.040877,16552,,15189.51046,2.308643336,2.32290475,0.388947558,250.3484181,0.004719077,0.987216181,-1.278381902,1-nan-2,1
pPPIF,GGACGGAGCTAGTGGGGC,SPI1swap,FALSE,2192.052022,2277.678919,2344.764103,2334.084413,2531.90921,2409.104822,17534,,14089.59349,2.295608479,2.315278084,0.387319504,245.6327571,0.004643253,1.013897964,1.389796382,1-nan-3,1
pPPIF,GGACGGAGCTAGTGGGGC,SPI1swap,FALSE,2038.238469,2083.90808,2383.659834,2244.86984,2021.865071,2094.809286,17234,,12867.35058,2.479484257,2.490146096,0.361455634,359.3115549,0.00443604,0.990740925,-0.925907485,2-nan-1,2
pPPIF,GGACGGAGCTAGTGGGGC,SPI1swap,FALSE,2014.199875,2149.376524,2251.201824,2416.435586,2401.783493,2318.276962,14954,,13551.27426,2.567321154,2.570464704,0.348220537,427.6549221,0.004382666,1.007935263,0.793526286,2-nan-2,2
pPPIF,GGACGAAGATGGCGGGGC,YY1i,FALSE,3499.190466,3412.873704,3614.478777,3056.958848,2951.840333,2530.057746,25451,0,19065.39987,2.320898775,2.354051497,0.35855888,262.0195719,0.006572828,0.92137662,-7.862338012,1-nan-1,1
pPPIF,GGACGAAGATGGCGGGGC,YY1i,FALSE,3810.249566,3563.880849,3511.88838,3704.070978,3373.305149,3211.535086,24590,,21174.93001,2.280261659,2.301625793,0.383226096,237.1684488,0.006578627,0.935242699,-6.475730064,1-nan-2,1
pPPIF,GGACGAAGATGGCGGGGC,YY1i,FALSE,3602.18632,3193.077219,3376.285173,3273.425568,3185.823763,2822.643773,25283,,19453.44182,2.250119831,2.28031199,0.393907967,227.9784168,0.00641092,0.94102617,-5.897383019,1-nan-3,1
pPPIF,GGACGAAGATGGCGGGGC,YY1i,FALSE,3151.344054,2853.908792,3392.793343,2831.157015,3010.680223,2566.907645,24793,,17806.79107,2.456563078,2.473740557,0.364693152,346.9293997,0.00613892,0.956599223,-4.340077666,2-nan-1,2
pPPIF,GGACGAAGATGGCGGGGC,YY1i,FALSE,3332.669744,3412.577319,3298.639724,3398.983504,2897.517696,2936.711936,21850,,19277.09992,2.522273506,2.53864175,0.352237796,398.7286866,0.006234476,0.939759331,-6.024066891,2-nan-2,2
pPPIF,GGACGTGCAGGAAGGGGC,YY1scrb1,FALSE,4031.669186,4284.462377,5014.944668,4371.232672,4851.353158,4587.070724,32735,0,27140.73279,2.385826475,2.399605141,0.355665567,290.304748,0.009356812,1.020839801,2.083980051,1-nan-1,1
pPPIF,GGACGTGCAGGAAGGGGC,YY1scrb1,FALSE,4295.257357,4602.220036,4461.785644,5451.366693,5548.30432,5564.921699,33330,,29923.85575,2.346400393,2.350407781,0.37702358,263.9253895,0.009296743,1.040755189,4.07551888,1-nan-2,1
pPPIF,GGACGTGCAGGAAGGGGC,YY1scrb1,FALSE,4240.05951,4538.84457,4676.803513,4607.527815,5088.957737,5049.167796,36259,,28201.36094,2.304868326,2.322423196,0.387808958,249.8164834,0.009293813,1.031167125,3.116712454,1-nan-3,1
pPPIF,GGACGTGCAGGAAGGGGC,YY1scrb1,FALSE,3817.369225,3826.197827,4834.91244,4666.948488,4893.244585,5061.830464,36362,,27100.50303,2.522018738,2.522271594,0.362623019,387.2748734,0.009342942,1.067845053,6.784505284,2-nan-1,2
pPPIF,GGACGTGCAGGAAGGGGC,YY1scrb1,FALSE,3645.953275,4230.688346,4731.405213,5004.116822,5347.717491,5260.825876,33066,,28220.70702,2.597769283,2.59146858,0.342939633,446.9638263,0.00912696,1.05344421,5.344421031,2-nan-2,2
pPPIF,GGACGTACAGGAGGGGGC,YY1scrb2,FALSE,6891.47943,7320.210818,8667.46079,8404.024568,8827.995592,8707.174075,65261,1,48818.34527,2.403052302,2.411782853,0.354215221,298.2064718,0.016830204,1.048625754,4.862575361,1-nan-1,1
pPPIF,GGACGTACAGGAGGGGGC,YY1scrb2,FALSE,8600.468486,7864.807257,8508.48584,9414.045505,9858.680525,9773.181684,61500,,54019.6693,2.331320016,2.340197354,0.385062383,259.6174461,0.016782831,1.023767378,2.376737831,1-nan-2,1
pPPIF,GGACGTACAGGAGGGGGC,YY1scrb2,FALSE,7718.989846,7854.171177,8401.581081,8628.198611,8977.074622,8744.206814,62926,,50324.22215,2.301544465,2.3198652,0.385510177,247.8416252,0.016584445,1.023015506,2.30155055,1-nan-3,1
pPPIF,GGACGTACAGGAGGGGGC,YY1scrb2,FALSE,7056.593348,6975.926102,8257.233889,8182.512102,8271.513123,8366.518977,61141,,47110.29754,2.506101404,2.510532259,0.364870949,377.6571084,0.016241351,1.04132569,4.13256902,2-nan-1,2
pPPIF,GGACGTACAGGAGGGGGC,YY1scrb2,FALSE,6857.382838,7965.705509,8345.507642,8859.293192,9353.938034,9085.185617,59541,,50467.01283,2.584718051,2.582339828,0.345389879,438.5174829,0.016321718,1.033537115,3.353711487,2-nan-2,2
pPPIF,GGACGAAGTAGGCGGGGC,YY1swap,FALSE,3799.607095,3843.576445,4295.69305,3923.280386,4011.958051,3927.114977,29288,0,23801.23,2.371062517,2.389667958,0.361202717,285.0372766,0.008205513,1.002317043,0.231704287,1-nan-1,1
pPPIF,GGACGAAGTAGGCGGGGC,YY1swap,FALSE,4516.285647,4272.295486,4137.835193,4705.221862,4908.926577,4653.544196,31131,,27194.10896,2.31522443,2.328033048,0.387024646,252.8873389,0.008448666,0.997228083,-0.277191738,1-nan-2,1
pPPIF,GGACGAAGTAGGCGGGGC,YY1swap,FALSE,4017.018485,3793.699345,4399.459939,4155.428598,4215.220321,4076.95783,31791,,24657.78452,2.286079991,2.308017481,0.386666188,241.4197808,0.008126021,0.996508068,-0.349193221,1-nan-3,1
pPPIF,GGACGAAGTAGGCGGGGC,YY1swap,FALSE,3615.295425,3573.156162,3943.75141,3931.795117,3969.229484,3713.959126,29302,,22747.18672,2.487236381,2.496331135,0.36462803,365.4331446,0.00784213,1.007620175,0.762017471,2-nan-1,2
pPPIF,GGACGAAGTAGGCGGGGC,YY1swap,FALSE,3935.180129,4303.691076,4279.692599,4172.015488,4446.382576,4004.024782,28864,,25140.98665,2.548213899,2.556740374,0.348999943,414.6110323,0.008130937,0.97719226,-2.280773993,2-nan-2,2
pPPIF,GGACGCCGGAAGTGGGGC,ZBTB11i,FALSE,11521.4849,12747.96795,15833.51043,15782.14205,16770.504,16411.57758,115635,2,89067.18692,2.421490078,2.42403699,0.347539013,305.0904916,0.030706057,1.07283301,7.283300988,1-nan-1,1
pPPIF,GGACGCCGGAAGTGGGGC,ZBTB11i,FALSE,14451.24141,13997.17615,15718.61707,17501.91546,19525.87917,19101.22995,110317,,100296.0592,2.355653904,2.357857398,0.378233969,268.7743781,0.031159979,1.05987654,5.98765397,1-nan-2,1
pPPIF,GGACGCCGGAAGTGGGGC,ZBTB11i,FALSE,13709.31116,13738.91111,15212.43873,16400.15671,17926.37907,17297.81851,115786,,94285.01528,2.322230184,2.335970952,0.383502152,256.7484924,0.03107181,1.059780368,5.978036794,1-nan-3,1
pPPIF,GGACGCCGGAAGTGGGGC,ZBTB11i,FALSE,12019.17334,11883.41181,14859.07459,14802.94138,15763.74419,16158.43117,111568,,85486.77648,2.525922542,2.525454642,0.363984002,390.5681444,0.029471705,1.076925691,7.692569135,2-nan-1,2
pPPIF,GGACGCCGGAAGTGGGGC,ZBTB11i,FALSE,12062.91948,12941.23523,14907.72081,15806.18152,17626.12192,17913.25946,102265,,91257.43841,2.605025183,2.59786825,0.349767874,456.0758046,0.029513896,1.074920134,7.492013353,2-nan-2,2
pPPIF,GGACGGAGCTGACGGGGC,ZBTB11scrb1,FALSE,2315.470919,2421.516805,2733.63494,2615.248853,2708.526114,2621.714821,19550,0,15416.11245,2.386411485,2.400258685,0.357215675,291.1120645,0.00531473,1.023678682,2.367868217,1-nan-1,1
pPPIF,GGACGGAGCTGACGGGGC,ZBTB11scrb1,FALSE,2617.978516,2583.740032,2705.586174,2956.197293,3073.502673,3091.355094,20586,,17028.35978,2.332905564,2.34087235,0.381711489,259.2532326,0.005290371,1.02233115,2.233115008,1-nan-2,1
pPPIF,GGACGGAGCTGACGGGGC,ZBTB11scrb1,FALSE,2550.688042,2407.864917,2538.781463,2697.66625,2901.983338,2678.677429,19281,,15775.66144,2.295930999,2.316114067,0.390872817,246.8907657,0.0051989,1.019090644,1.90906441,1-nan-3,1
pPPIF,GGACGGAGCTGACGGGGC,ZBTB11scrb1,FALSE,2402.726725,2368.610164,2574.682887,2610.6245,2434.076175,2556.733111,18266,,14947.45356,2.486214545,2.495927927,0.369401936,366.5699181,0.005153159,1.010754636,1.075463574,2-nan-1,2
pPPIF,GGACGGAGCTGACGGGGC,ZBTB11scrb1,FALSE,2374.503272,2237.727177,2640.678477,2828.257109,2802.055367,2870.369694,19382,,15753.5911,2.578416183,2.579371639,0.353101042,438.2397952,0.005094925,1.032882636,3.288263584,2-nan-2,2
pPPIF,GGACGTGCGCGAAGGGGC,ZBTB11scrb2,FALSE,5592.58717,5256.147201,5993.142828,5810.759438,6007.679968,6121.79961,46662,0,34782.11622,2.382914962,2.399000955,0.367983699,292.8916268,0.011991191,1.02993641,2.993640969,1-nan-1,1
pPPIF,GGACGTGCGCGAAGGGGC,ZBTB11scrb2,FALSE,5675.968318,5642.164696,5726.953835,6712.998337,6962.046248,7266.139599,44403,,37986.27103,2.345304846,2.350394477,0.384079038,265.5539897,0.011801575,1.04717736,4.717736019,1-nan-2,1
pPPIF,GGACGTGCGCGAAGGGGC,ZBTB11scrb2,FALSE,5629.137018,5480.868915,5909.456825,5964.486043,6611.932624,6537.354305,45284,,36133.23573,2.306358141,2.324234837,0.392429735,251.9041863,0.011907778,1.039784533,3.978453295,1-nan-3,1
pPPIF,GGACGTGCGCGAAGGGGC,ZBTB11scrb2,FALSE,4854.429591,4953.888764,5909.25968,5411.684361,6146.821623,5915.601015,44333,,33191.68503,2.510343831,2.513506122,0.364178856,380.0311901,0.011442887,1.04787182,4.787181962,2-nan-1,2
pPPIF,GGACGTGCGCGAAGGGGC,ZBTB11scrb2,FALSE,4968.523713,5949.655725,5615.289686,6114.09369,6753.92176,6688.038265,41133,,36089.52284,2.58417427,2.582535018,0.352024646,441.0579892,0.011671842,1.039524807,3.952480687,2-nan-2,2
pPPIF,GGACGCCCCAAGTGGGGC,ZBTB11swap,FALSE,14606.8027,15839.37679,18008.42199,16009.03579,17195.58978,15679.68529,128682,1,97338.91234,2.377989274,2.393785691,0.352610272,285.7279285,0.033557748,1.00474568,0.474568016,1-nan-1,1
pPPIF,GGACGCCCCAAGTGGGGC,ZBTB11swap,FALSE,17860.20396,17725.08275,17693.33631,19254.82995,19933.70093,18925.55907,124345,,111392.713,2.317295396,2.329119899,0.381218946,252.2225088,0.034607488,0.994606412,-0.539358787,1-nan-2,1
pPPIF,GGACGCCCCAAGTGGGGC,ZBTB11swap,FALSE,17301.57262,17257.38932,17762.71346,17167.21926,17505.44167,17238.07539,131861,,104232.4117,2.278210857,2.301926042,0.392056734,239.2105245,0.034349994,0.987388924,-1.261107606,1-nan-3,1
pPPIF,GGACGCCCCAAGTGGGGC,ZBTB11swap,FALSE,17089.27422,16205.05893,19618.41747,16861.69474,17379.60655,17184.91443,140120,,104338.9663,2.479955182,2.491142236,0.367057014,361.8325746,0.035971028,0.997692211,-0.230778901,2-nan-1,2
pPPIF,GGACGCCCCAAGTGGGGC,ZBTB11swap,FALSE,16770.51027,17343.68686,19129.32651,18967.63968,19187.4715,18370.10978,130539,,109768.7446,2.560415892,2.565608231,0.348192982,422.8899924,0.035500704,0.996704852,-0.329514838,2-nan-2,2
pPPIF,0,pPPIF:InferredReference,TRUE,203927.6454,190408.2197,215747.0239,203294.6163,202084.6641,200247.2677,1578159,3499654,1215709.437,2.366242853,2.386870746,0.366130576,284.3783597,0.4191178,1,0,1-nan-1,1
pPPIF,0,pPPIF:InferredReference,TRUE,218262.0961,210743.2534,211896.1431,232420.585,242736.3555,232065.4529,1572283,,1348123.886,2.318869399,2.330529724,0.383673982,253.5902702,0.418835126,1,0,1-nan-2,1
pPPIF,0,pPPIF:InferredReference,TRUE,208921.8441,207658.4436,212305.0696,209789.2298,219392.8635,215300.6473,1605342,,1273368.098,2.284572559,2.307017542,0.393127181,242.2657564,0.419640933,1,0,1-nan-3,1
pPPIF,0,pPPIF:InferredReference,TRUE,197927.9504,191677.4906,214216.3311,200566.8991,202480.1121,199172.8542,1618166,,1206041.638,2.480294285,2.491467102,0.368901013,362.6695393,0.415784811,1,0,2-nan-1,2
pPPIF,0,pPPIF:InferredReference,TRUE,202436.7921,204501.3317,214537.1247,219500.3174,227705.9752,218605.8013,1530771,,1287287.342,2.558919657,2.565082168,0.353775827,424.2880846,0.416326223,1,0,2-nan-2,2